{
  "enderioconduits:goals/all_conduits": {
    "criteria": {
      "inv_changed-enderio:redstone_conduit2": "2020-05-31 17:59:05 -0300"
    },
    "done": false
  },
  "enderioconduits:redstone/1_redstone_conduit": {
    "criteria": {
      "inv_changed-enderio:redstone_conduit": "2020-05-31 17:59:05 -0300"
    },
    "done": true
  },
  "minecraft:adventure/adventuring_time": {
    "criteria": {
      "plains": "2020-05-31 17:48:08 -0300",
      "desert": "2020-05-31 17:48:29 -0300"
    },
    "done": false
  }
}