{
  "minecraft:recipes/tools/fishing_rod": {
    "criteria": {
      "has_string": "2019-09-05 17:30:34 -0300"
    },
    "done": true
  },
  "minecraft:recipes/combat/bow": {
    "criteria": {
      "has_string": "2019-09-05 17:30:34 -0300"
    },
    "done": true
  },
  "minecraft:recipes/building_blocks/string_to_wool": {
    "criteria": {
      "has_string": "2019-09-05 17:30:34 -0300"
    },
    "done": true
  },
  "minecraft:recipes/redstone/tripwire_hook": {
    "criteria": {
      "has_string": "2019-09-05 17:30:34 -0300"
    },
    "done": true
  },
  "minecraft:adventure/adventuring_time": {
    "criteria": {
      "plains": "2019-09-05 17:30:34 -0300"
    },
    "done": false
  }
}