{
  "minecraft:recipes/tools/fishing_rod": {
    "criteria": {
      "has_string": "2019-09-04 19:34:26 -0300"
    },
    "done": true
  },
  "minecraft:recipes/combat/bow": {
    "criteria": {
      "has_string": "2019-09-04 19:34:26 -0300"
    },
    "done": true
  },
  "minecraft:recipes/building_blocks/string_to_wool": {
    "criteria": {
      "has_string": "2019-09-04 19:34:26 -0300"
    },
    "done": true
  },
  "minecraft:adventure/root": {
    "criteria": {
      "killed_something": "2019-09-04 19:34:25 -0300"
    },
    "done": true
  },
  "minecraft:adventure/kill_a_mob": {
    "criteria": {
      "spider": "2019-09-04 19:34:25 -0300"
    },
    "done": true
  },
  "minecraft:adventure/kill_all_mobs": {
    "criteria": {
      "spider": "2019-09-04 19:34:25 -0300"
    },
    "done": false
  },
  "minecraft:recipes/redstone/tripwire_hook": {
    "criteria": {
      "has_string": "2019-09-04 19:34:26 -0300"
    },
    "done": true
  },
  "minecraft:adventure/adventuring_time": {
    "criteria": {
      "forest_hills": "2019-09-04 19:33:37 -0300",
      "plains": "2019-09-04 19:33:38 -0300",
      "river": "2019-09-04 19:34:00 -0300"
    },
    "done": false
  }
}