{
  "minecraft:recipes/tools/fishing_rod": {
    "criteria": {
      "has_string": "2019-09-05 18:11:05 -0300"
    },
    "done": true
  },
  "minecraft:recipes/combat/bow": {
    "criteria": {
      "has_string": "2019-09-05 18:11:05 -0300"
    },
    "done": true
  },
  "minecraft:recipes/building_blocks/string_to_wool": {
    "criteria": {
      "has_string": "2019-09-05 18:11:05 -0300"
    },
    "done": true
  },
  "minecraft:recipes/redstone/tripwire_hook": {
    "criteria": {
      "has_string": "2019-09-05 18:11:05 -0300"
    },
    "done": true
  }
}